{
  "Assets": [
    {
      "Guid": "1b467368-606c-462c-af3f-a23a3d08d12c",
      "Path": "models/Cube.fbx",
      "Type": "Model"
    },
    {
      "Guid": "113bc6a8-7ded-4a24-b880-d80166e11a91",
      "Path": "models/Walk.fbx",
      "Type": "Model"
    },
    {
      "Guid": "94804744-32d4-4fa3-8aa0-d7f8f19fc3fb",
      "Path": "shaders/basic.frag",
      "Type": "Shader"
    },
    {
      "Guid": "f3df852d-4e51-4e3c-ae64-81184e1b1182",
      "Path": "shaders/basic.vert",
      "Type": "Shader"
    },
    {
      "Guid": "6958d1ac-f610-4a05-b979-b04fa8ebde78",
      "Path": "shaders/fullscreen.frag",
      "Type": "Shader"
    },
    {
      "Guid": "35a94454-46ed-4515-96f6-74fe0aaea757",
      "Path": "shaders/fullscreen.vert",
      "Type": "Shader"
    },
    {
      "Guid": "0825dddf-72c0-4de7-ab5f-7d52e5629b0b",
      "Path": "shaders/sprite.frag",
      "Type": "Shader"
    },
    {
      "Guid": "47c1eaf2-ec13-43c2-ae9f-15ea4881ea65",
      "Path": "shaders/sprite.vert",
      "Type": "Shader"
    },
    {
      "Guid": "47b6f826-b7cf-4ea4-bae1-528a27ee2924",
      "Path": "shaders/includes/lighting_ambient.glsl",
      "Type": "Unknown"
    },
    {
      "Guid": "8433f6d4-1458-4c09-b8f2-4951c2949a56",
      "Path": "shaders/includes/lighting_common.glsl",
      "Type": "Unknown"
    },
    {
      "Guid": "c25c7707-46a4-4588-b43c-daaf7c9860a1",
      "Path": "shaders/includes/lighting_engine.glsl",
      "Type": "Unknown"
    },
    {
      "Guid": "8dad60ca-063b-421e-a05b-c5ea5d072382",
      "Path": "shaders/includes/lighting_pbr.glsl",
      "Type": "Unknown"
    },
    {
      "Guid": "afdcfe3e-c76d-42af-9bf1-ba528e5cd672",
      "Path": "shaders/includes/ssao.glsl",
      "Type": "Unknown"
    },
    {
      "Guid": "35db8c16-0920-4749-ba0d-034bcedf03b5",
      "Path": "editor_prefs.json",
      "Type": "Unknown"
    },
    {
      "Guid": "9cd8c265-1e11-4c1e-b233-c7b8c7f1f8ab",
      "Path": "shaders/screen.frag",
      "Type": "Shader"
    },
    {
      "Guid": "ec2339a5-2a65-4cbe-af5c-304ae4d061b9",
      "Path": "shaders/screen.vert",
      "Type": "Shader"
    },
    {
      "Guid": "1080ea06-a4a0-426c-936d-3791b1a8e435",
      "Path": "scenes/DefaultScene.scene",
      "Type": "Unknown"
    },
    {
      "Guid": "8332841d-25c9-4645-89cf-aaa9afdcf87d",
      "Path": "Farm RPG FREE 16x16 - Tiny Asset Pack/Tileset/Tileset Spring.png",
      "Type": "Texture"
    },
    {
      "Guid": "acca9b3e-c92e-4f6d-8602-269c9b8c7155",
      "Path": "Farm RPG FREE 16x16 - Tiny Asset Pack/Objects/Spring Crops.png",
      "Type": "Texture"
    },
    {
      "Guid": "e97a143d-9a50-40f0-8867-c9a34911da6e",
      "Path": "Farm RPG FREE 16x16 - Tiny Asset Pack/Objects/Road copiar.png",
      "Type": "Texture"
    },
    {
      "Guid": "d4262d08-8da1-4963-8a16-e4314f77ecb7",
      "Path": "Farm RPG FREE 16x16 - Tiny Asset Pack/Objects/Maple Tree.png",
      "Type": "Texture"
    },
    {
      "Guid": "308be4eb-4ac6-49cb-8335-1af3c8a47ae6",
      "Path": "Farm RPG FREE 16x16 - Tiny Asset Pack/Objects/Interior.png",
      "Type": "Texture"
    },
    {
      "Guid": "d20b02e1-22d6-4625-aab0-6576c1cfc131",
      "Path": "Farm RPG FREE 16x16 - Tiny Asset Pack/Objects/House.png",
      "Type": "Texture"
    },
    {
      "Guid": "b10ec097-3653-4576-b60f-6852a406c746",
      "Path": "Farm RPG FREE 16x16 - Tiny Asset Pack/Objects/Fence\u0027s copiar.png",
      "Type": "Texture"
    },
    {
      "Guid": "07b3b81e-d9c5-4743-a8c1-45445dab07dc",
      "Path": "Farm RPG FREE 16x16 - Tiny Asset Pack/Objects/chest.png",
      "Type": "Texture"
    },
    {
      "Guid": "0478dce0-e984-43b1-a081-3f456cdd3b3d",
      "Path": "Farm RPG FREE 16x16 - Tiny Asset Pack/Farm Animals/Male Cow Brown.png",
      "Type": "Texture"
    },
    {
      "Guid": "5e766cf9-a6f8-4d6f-b09e-3037facdaaa4",
      "Path": "Farm RPG FREE 16x16 - Tiny Asset Pack/Farm Animals/Female Cow Brown.png",
      "Type": "Texture"
    },
    {
      "Guid": "a7877cfa-29cb-4cef-a4b2-733e6ff9e14c",
      "Path": "Farm RPG FREE 16x16 - Tiny Asset Pack/Farm Animals/Chicken Red.png",
      "Type": "Texture"
    },
    {
      "Guid": "7b4ba033-a681-4999-93ae-046dec054ce2",
      "Path": "Farm RPG FREE 16x16 - Tiny Asset Pack/Farm Animals/Chicken Blonde  Green.png",
      "Type": "Texture"
    },
    {
      "Guid": "4f78545c-48b6-47d1-bb39-f97c7c109202",
      "Path": "Farm RPG FREE 16x16 - Tiny Asset Pack/Farm Animals/Baby Chicken Yellow.png",
      "Type": "Texture"
    },
    {
      "Guid": "4d216bb5-1933-4e30-9e23-85eabf86ad85",
      "Path": "Farm RPG FREE 16x16 - Tiny Asset Pack/Character/Walk.png",
      "Type": "Texture"
    },
    {
      "Guid": "a74428fc-0a3f-4802-99ee-c091ecbf15fe",
      "Path": "Farm RPG FREE 16x16 - Tiny Asset Pack/Character/Idle.png",
      "Type": "Texture"
    },
    {
      "Guid": "b2cf424c-4502-47a9-83b3-757d0f7e1d3b",
      "Path": "Scripts/PlayerController.cs",
      "Type": "Script"
    },
    {
      "Guid": "4127ee44-c6ad-4a22-9da9-f27f2e069a06",
      "Path": "Scripts/ResetTrigger.cs",
      "Type": "Script"
    },
    {
      "Guid": "0bdac595-d060-4acc-b069-8984d4e15b11",
      "Path": "Scripts/MoveAndReset.cs",
      "Type": "Script"
    },
    {
      "Guid": "0f182cbd-737f-4a19-a706-907c890c0457",
      "Path": "scenes/GameScene.scene",
      "Type": "Unknown"
    },
    {
      "Guid": "6914d072-e500-4d21-beef-efc3eddc56a7",
      "Path": "Audio/Tiny Pack/Readme \u0026 License.txt",
      "Type": "Unknown"
    },
    {
      "Guid": "7d7e57aa-d53a-4ef8-9b5e-a3f43191aba1",
      "Path": "Audio/Tiny Pack/MP3/17_new_season_stinger_master.mp3",
      "Type": "Audio"
    },
    {
      "Guid": "c10b773d-cacc-4b8c-9767-aa5440405ef8",
      "Path": "Audio/Tiny Pack/MP3/1_new_life_master.mp3",
      "Type": "Audio"
    },
    {
      "Guid": "dabe7b71-9155-4122-8025-c548b873ea62",
      "Path": "Audio/Tiny Pack/MP3/24_too_late!_stinger_master.mp3",
      "Type": "Audio"
    },
    {
      "Guid": "75763d02-85b8-4f48-a23a-7dcd4b60879c",
      "Path": "Audio/Tiny Pack/MP3/2_cafe_avenue_master.mp3",
      "Type": "Audio"
    },
    {
      "Guid": "4ed3d47e-a3aa-4940-a254-c3819258fac7",
      "Path": "Audio/Tiny Pack/MP3/3_fireflies_master.mp3",
      "Type": "Audio"
    },
    {
      "Guid": "afdad0ee-8c68-4d46-b357-929a1650e1a0",
      "Path": "Audio/Tiny Pack/MP3/4_working_time_master.mp3",
      "Type": "Audio"
    },
    {
      "Guid": "0d3a228c-e88e-4f10-b216-e159eb9a6ba1",
      "Path": "Audio/Tiny Pack/MP3/5_frog_pond_master.mp3",
      "Type": "Audio"
    },
    {
      "Guid": "7d5a1b9e-a447-4844-8070-b811882f4409",
      "Path": "Audio/Tiny Pack/OGG/17_new_season_stinger_master.ogg",
      "Type": "Unknown"
    },
    {
      "Guid": "3b28105a-f2e1-471e-9132-8a820f2486d3",
      "Path": "Audio/Tiny Pack/OGG/1_new_life_master.ogg",
      "Type": "Unknown"
    },
    {
      "Guid": "5c7a331f-1383-4d07-83a8-5bd08635ed7a",
      "Path": "Audio/Tiny Pack/OGG/24_too_late!_stinger_master.ogg",
      "Type": "Unknown"
    },
    {
      "Guid": "37996053-b66b-4651-8f1e-8114b6d2a358",
      "Path": "Audio/Tiny Pack/OGG/2_cafe_avenue_master.ogg",
      "Type": "Unknown"
    },
    {
      "Guid": "6433400b-3f66-442c-a882-3b7344eb1f70",
      "Path": "Audio/Tiny Pack/OGG/3_fireflies_master.ogg",
      "Type": "Unknown"
    },
    {
      "Guid": "f0d389fb-ab3c-437b-a938-2bd6d2d6300a",
      "Path": "Audio/Tiny Pack/OGG/4_working_time_master.ogg",
      "Type": "Unknown"
    },
    {
      "Guid": "4dea6fce-5dc6-4ef9-a989-572b5814d9b6",
      "Path": "Audio/Tiny Pack/OGG/5_frog_pond_master.ogg",
      "Type": "Unknown"
    },
    {
      "Guid": "332345fd-925c-45eb-8c1e-fdb5348fd5c9",
      "Path": "Audio/Tiny Pack/WAV/17_new_season_stinger_master.wav",
      "Type": "Audio"
    },
    {
      "Guid": "c6d40944-3449-4e48-b5b1-d41d4b1dad43",
      "Path": "Audio/Tiny Pack/WAV/24_too_late!_stinger_master.wav",
      "Type": "Audio"
    }
  ],
  "Folders": [
    {
      "Guid": "7cacc035-fd3d-4fc1-b7dd-043bc04c05a3",
      "Path": "models",
      "CreatedAt": "2026-02-11T20:54:08.0266219-03:00"
    },
    {
      "Guid": "d75a775e-6187-441c-adf7-fada9cb59251",
      "Path": "shaders",
      "CreatedAt": "2026-02-11T20:54:08.0267951-03:00"
    },
    {
      "Guid": "f906599e-7836-48b7-a8b1-79b609d1d4fb",
      "Path": "shaders/includes",
      "CreatedAt": "2026-02-11T20:54:08.0270064-03:00"
    },
    {
      "Guid": "9dc44579-45cb-4dbd-b8a6-3ace5e334752",
      "Path": "scenes",
      "CreatedAt": "2026-02-11T20:57:39.8646031-03:00"
    },
    {
      "Guid": "3414c8b8-f29a-46fa-8710-a1047d2da55a",
      "Path": "Scripts",
      "CreatedAt": "2026-02-13T17:58:53.9083016-03:00"
    },
    {
      "Guid": "396d08c9-01dc-4edf-bb33-00b8ace15579",
      "Path": "Audio",
      "CreatedAt": "2026-02-13T19:34:06.9503472-03:00"
    },
    {
      "Guid": "1bd3c332-dc26-43e4-9c81-302b78f74ab3",
      "Path": "Farm RPG FREE 16x16 - Tiny Asset Pack",
      "CreatedAt": "2026-02-13T20:25:27.4719281-03:00"
    },
    {
      "Guid": "9f0b5578-0ce1-4144-a935-e8e8a4489287",
      "Path": "Farm RPG FREE 16x16 - Tiny Asset Pack/Character",
      "CreatedAt": "2026-02-13T20:25:27.4720324-03:00"
    },
    {
      "Guid": "6a3a6db0-eb2c-4706-a36c-f04a9defcece",
      "Path": "Farm RPG FREE 16x16 - Tiny Asset Pack/Farm Animals",
      "CreatedAt": "2026-02-13T20:25:27.4720964-03:00"
    },
    {
      "Guid": "3035b0d3-9c27-4565-a12b-4c63517b0325",
      "Path": "Farm RPG FREE 16x16 - Tiny Asset Pack/Objects",
      "CreatedAt": "2026-02-13T20:25:27.4721391-03:00"
    },
    {
      "Guid": "a2738292-626d-4d3b-980c-66fc0df52203",
      "Path": "Farm RPG FREE 16x16 - Tiny Asset Pack/Tileset",
      "CreatedAt": "2026-02-13T20:25:27.4721686-03:00"
    },
    {
      "Guid": "d15d67af-a695-4cd3-81d7-402903528994",
      "Path": "Audio/Tiny Pack",
      "CreatedAt": "2026-02-13T22:44:41.9360643-03:00"
    },
    {
      "Guid": "7c15afdd-2b34-4e39-acfa-7d41a072ec96",
      "Path": "Audio/Tiny Pack/MP3",
      "CreatedAt": "2026-02-13T22:44:41.9363391-03:00"
    },
    {
      "Guid": "2dcf5515-97fc-422f-83db-8c9d6633dd49",
      "Path": "Audio/Tiny Pack/OGG",
      "CreatedAt": "2026-02-13T22:44:41.9363731-03:00"
    },
    {
      "Guid": "128d87d3-6033-438f-a2b4-69a58edf7dfb",
      "Path": "Audio/Tiny Pack/WAV",
      "CreatedAt": "2026-02-13T22:44:41.9363976-03:00"
    }
  ]
}