{
  "Materials": {
    "basic": {
      "Name": "basic",
      "VertexShaderGUID": "9557923a-76ad-432c-abc9-17ed77e82311",
      "FragmentShaderGUID": "5ed03f4d-deb0-4de7-a5d6-182e3a60df7f",
      "AlbedoTextureGUID": null,
      "NormalTextureGUID": null,
      "MetallicTextureGUID": null,
      "RoughnessTextureGUID": null,
      "AOTextureGUID": null,
      "EmissiveTextureGUID": null,
      "AlbedoColor": {
        "X": 1.0,
        "Y": 1.0,
        "Z": 1.0
      },
      "Metallic": 0.0,
      "Roughness": 0.5,
      "AO": 1.0,
      "EmissiveColor": {
        "X": 0.0,
        "Y": 0.0,
        "Z": 0.0
      },
      "UseAlbedoMap": false,
      "UseNormalMap": false,
      "UseMetallicMap": false,
      "UseRoughnessMap": false,
      "UseAOMap": false,
      "UseEmissiveMap": false,
      "NormalMapIntensity": 1.0,
      "AmbientLight": {
        "X": 0.03,
        "Y": 0.03,
        "Z": 0.03
      },
      "AmbientStrength": 1.0
    },
    "fullscreen": {
      "Name": "fullscreen",
      "VertexShaderGUID": "1e6bf414-5684-458e-8d8b-4e9761dfa320",
      "FragmentShaderGUID": "ddcb17f8-2875-4229-a74f-63353d482808",
      "AlbedoTextureGUID": null,
      "NormalTextureGUID": null,
      "MetallicTextureGUID": null,
      "RoughnessTextureGUID": null,
      "AOTextureGUID": null,
      "EmissiveTextureGUID": null,
      "AlbedoColor": {
        "X": 1.0,
        "Y": 1.0,
        "Z": 1.0
      },
      "Metallic": 0.0,
      "Roughness": 0.5,
      "AO": 1.0,
      "EmissiveColor": {
        "X": 0.0,
        "Y": 0.0,
        "Z": 0.0
      },
      "UseAlbedoMap": false,
      "UseNormalMap": false,
      "UseMetallicMap": false,
      "UseRoughnessMap": false,
      "UseAOMap": false,
      "UseEmissiveMap": false,
      "NormalMapIntensity": 1.0,
      "AmbientLight": {
        "X": 0.03,
        "Y": 0.03,
        "Z": 0.03
      },
      "AmbientStrength": 1.0
    },
    "screen": {
      "Name": "screen",
      "VertexShaderGUID": "ffbdd214-94e0-467c-b2ec-f220b5788c2b",
      "FragmentShaderGUID": "91c14d42-adb9-45c8-a527-ff6335115397",
      "AlbedoTextureGUID": null,
      "NormalTextureGUID": null,
      "MetallicTextureGUID": null,
      "RoughnessTextureGUID": null,
      "AOTextureGUID": null,
      "EmissiveTextureGUID": null,
      "AlbedoColor": {
        "X": 1.0,
        "Y": 1.0,
        "Z": 1.0
      },
      "Metallic": 0.0,
      "Roughness": 0.5,
      "AO": 1.0,
      "EmissiveColor": {
        "X": 0.0,
        "Y": 0.0,
        "Z": 0.0
      },
      "UseAlbedoMap": false,
      "UseNormalMap": false,
      "UseMetallicMap": false,
      "UseRoughnessMap": false,
      "UseAOMap": false,
      "UseEmissiveMap": false,
      "NormalMapIntensity": 1.0,
      "AmbientLight": {
        "X": 0.03,
        "Y": 0.03,
        "Z": 0.03
      },
      "AmbientStrength": 1.0
    },
    "Walk": {
      "Name": "Walk",
      "VertexShaderGUID": "9557923a-76ad-432c-abc9-17ed77e82311",
      "FragmentShaderGUID": "5ed03f4d-deb0-4de7-a5d6-182e3a60df7f",
      "AlbedoTextureGUID": "9f902068-4709-4039-9f3c-a46e0fa8b17c",
      "NormalTextureGUID": null,
      "MetallicTextureGUID": null,
      "RoughnessTextureGUID": null,
      "AOTextureGUID": null,
      "EmissiveTextureGUID": null,
      "AlbedoColor": {
        "X": 1.0,
        "Y": 1.0,
        "Z": 1.0
      },
      "Metallic": 0.0,
      "Roughness": 0.0,
      "AO": 1.0,
      "EmissiveColor": {
        "X": 0.0,
        "Y": 0.0,
        "Z": 0.0
      },
      "UseAlbedoMap": true,
      "UseNormalMap": false,
      "UseMetallicMap": false,
      "UseRoughnessMap": false,
      "UseAOMap": false,
      "UseEmissiveMap": false,
      "NormalMapIntensity": 1.0,
      "AmbientLight": {
        "X": 0.03,
        "Y": 0.03,
        "Z": 0.03
      },
      "AmbientStrength": 1.0
    },
    "Idle": {
      "Name": "Idle",
      "VertexShaderGUID": "9557923a-76ad-432c-abc9-17ed77e82311",
      "FragmentShaderGUID": "5ed03f4d-deb0-4de7-a5d6-182e3a60df7f",
      "AlbedoTextureGUID": "a49267c9-2bb7-4e53-a39b-925b67d3516b",
      "NormalTextureGUID": null,
      "MetallicTextureGUID": null,
      "RoughnessTextureGUID": null,
      "AOTextureGUID": null,
      "EmissiveTextureGUID": null,
      "AlbedoColor": {
        "X": 1.0,
        "Y": 1.0,
        "Z": 1.0
      },
      "Metallic": 0.0,
      "Roughness": 0.0,
      "AO": 1.0,
      "EmissiveColor": {
        "X": 0.0,
        "Y": 0.0,
        "Z": 0.0
      },
      "UseAlbedoMap": true,
      "UseNormalMap": false,
      "UseMetallicMap": false,
      "UseRoughnessMap": false,
      "UseAOMap": false,
      "UseEmissiveMap": false,
      "NormalMapIntensity": 1.0,
      "AmbientLight": {
        "X": 0.03,
        "Y": 0.03,
        "Z": 0.03
      },
      "AmbientStrength": 1.0
    },
    "Tile": {
      "Name": "Tile",
      "VertexShaderGUID": "9557923a-76ad-432c-abc9-17ed77e82311",
      "FragmentShaderGUID": "5ed03f4d-deb0-4de7-a5d6-182e3a60df7f",
      "AlbedoTextureGUID": "0b846b25-0132-4098-b4db-17654339668e",
      "NormalTextureGUID": null,
      "MetallicTextureGUID": null,
      "RoughnessTextureGUID": null,
      "AOTextureGUID": null,
      "EmissiveTextureGUID": null,
      "AlbedoColor": {
        "X": 1.0,
        "Y": 1.0,
        "Z": 1.0
      },
      "Metallic": 0.0,
      "Roughness": 0.0,
      "AO": 1.0,
      "EmissiveColor": {
        "X": 0.0,
        "Y": 0.0,
        "Z": 0.0
      },
      "UseAlbedoMap": true,
      "UseNormalMap": false,
      "UseMetallicMap": false,
      "UseRoughnessMap": false,
      "UseAOMap": false,
      "UseEmissiveMap": false,
      "NormalMapIntensity": 1.0,
      "AmbientLight": {
        "X": 0.03,
        "Y": 0.03,
        "Z": 0.03
      },
      "AmbientStrength": 1.0
    },
    "Sky": {
      "Name": "Sky",
      "VertexShaderGUID": "5ee5b15b-bc12-4e6f-bb9a-8b98dd495248",
      "FragmentShaderGUID": "6906a207-5217-48d9-830b-f11d568d4d65",
      "AlbedoTextureGUID": "7117ff0d-0dc1-4076-a003-e7e48d8e0c95",
      "NormalTextureGUID": null,
      "MetallicTextureGUID": null,
      "RoughnessTextureGUID": null,
      "AOTextureGUID": null,
      "EmissiveTextureGUID": null,
      "AlbedoColor": {
        "X": 1.0,
        "Y": 1.0,
        "Z": 1.0
      },
      "Metallic": 0.0,
      "Roughness": 0.5,
      "AO": 1.0,
      "EmissiveColor": {
        "X": 0.0,
        "Y": 0.0,
        "Z": 0.0
      },
      "UseAlbedoMap": true,
      "UseNormalMap": false,
      "UseMetallicMap": false,
      "UseRoughnessMap": false,
      "UseAOMap": false,
      "UseEmissiveMap": false,
      "NormalMapIntensity": 1.0,
      "AmbientLight": {
        "X": 0.03,
        "Y": 0.03,
        "Z": 0.03
      },
      "AmbientStrength": 1.0
    },
    "Dragon": {
      "Name": "Dragon",
      "VertexShaderGUID": "9557923a-76ad-432c-abc9-17ed77e82311",
      "FragmentShaderGUID": "5ed03f4d-deb0-4de7-a5d6-182e3a60df7f",
      "AlbedoTextureGUID": "2168dad5-f579-465d-accb-2c0b1b35e057",
      "NormalTextureGUID": "29dbf12c-b6e5-4ba7-9e5c-66082ab177b3",
      "MetallicTextureGUID": null,
      "RoughnessTextureGUID": null,
      "AOTextureGUID": null,
      "EmissiveTextureGUID": null,
      "AlbedoColor": {
        "X": 1.0,
        "Y": 1.0,
        "Z": 1.0
      },
      "Metallic": 0.0,
      "Roughness": 0.5,
      "AO": 1.0,
      "EmissiveColor": {
        "X": 0.0,
        "Y": 0.0,
        "Z": 0.0
      },
      "UseAlbedoMap": true,
      "UseNormalMap": true,
      "UseMetallicMap": false,
      "UseRoughnessMap": false,
      "UseAOMap": false,
      "UseEmissiveMap": false,
      "NormalMapIntensity": 1.0,
      "AmbientLight": {
        "X": 0.03,
        "Y": 0.03,
        "Z": 0.03
      },
      "AmbientStrength": 1.0
    },
    "DragonFloor": {
      "Name": "DragonFloor",
      "VertexShaderGUID": "9557923a-76ad-432c-abc9-17ed77e82311",
      "FragmentShaderGUID": "5ed03f4d-deb0-4de7-a5d6-182e3a60df7f",
      "AlbedoTextureGUID": "fbe99af0-7397-4711-9a98-33c1a7d335a0",
      "NormalTextureGUID": "4c400f03-54e4-4a53-9b56-62fabb57a570",
      "MetallicTextureGUID": null,
      "RoughnessTextureGUID": "4dc11d90-4bdf-49b6-a00e-137caad6ef1d",
      "AOTextureGUID": null,
      "EmissiveTextureGUID": null,
      "AlbedoColor": {
        "X": 1.0,
        "Y": 1.0,
        "Z": 1.0
      },
      "Metallic": 0.0,
      "Roughness": 0.5,
      "AO": 1.0,
      "EmissiveColor": {
        "X": 0.0,
        "Y": 0.0,
        "Z": 0.0
      },
      "UseAlbedoMap": true,
      "UseNormalMap": true,
      "UseMetallicMap": false,
      "UseRoughnessMap": true,
      "UseAOMap": false,
      "UseEmissiveMap": false,
      "NormalMapIntensity": 1.0,
      "AmbientLight": {
        "X": 0.03,
        "Y": 0.03,
        "Z": 0.03
      },
      "AmbientStrength": 1.0
    }
  }
}